{"timestamp": "2026-04-07T19:12:12.040782+00:00", "key_usage": 37.0474908, "total_credits": 400}